DoubleSummaryStatistics.java,0.9016314772042361
DynamicTreeNode.java,0.9112153500318527
ElementTreePanel.java,0.7901297904874968
HelloWorld.java,0.5601967194428047
Month.java,0.8946501858094159
Notepad.java,0.7809337923037154
SampleData.java,0.91841109842062
SampleTreeCellRenderer.java,0.8118601739406586
SampleTree.java,0.7309502112865448
SampleTreeModel.java,0.8865060210227966
Stylepad.java,0.7314952598965686
Wonderland.java,0.6168866604566574
