DoubleSummaryStatistics.java,0.9079586484215476
DynamicTreeNode.java,0.9333918690681458
ElementTreePanel.java,0.7892663642283408
HelloWorld.java,0.7027107129494349
Month.java,0.9115915754262138
Notepad.java,0.7656970194612558
SampleData.java,0.9330513700842857
SampleTreeCellRenderer.java,0.802885115146637
SampleTree.java,0.7231946052224548
SampleTreeModel.java,0.8910469710826874
Stylepad.java,0.7325807596472177
Wonderland.java,0.6719103356202444
