DoubleSummaryStatistics.java,0.9079586484215476
DynamicTreeNode.java,0.9330492615699768
ElementTreePanel.java,0.789093707566676
HelloWorld.java,0.6448250164588293
Month.java,0.9103335247320288
Notepad.java,0.7743268719475184
SampleData.java,0.9330513700842857
SampleTreeCellRenderer.java,0.802885115146637
SampleTree.java,0.7484978091716766
SampleTreeModel.java,0.8910469710826874
Stylepad.java,0.7407814989919248
Wonderland.java,0.6858935405810674
